name of cell type,number of cells,CATMAID annotation,Sensory/inter/motor neuron,soma position,region,transmitter phenotype,postsynaptic partners (<10 synapses),presynaptic partners (<10 synapses),reference,CATMAID skids
PRC,24,celltype1,Sensory neuron,head,visual system,glutamatergic,PRC IN1,PRC,Randel et al. 2015,6743 7501 10536 11135 11731 12115 13459 14162 15519 16668 19515 22876 23921 24659 24849 25010 26163 27064 27917 58694 58877 58968 59671 151847
IN1,10,celltype2,Interneuron,head,visual system,dense cored vesicles,IN1 INton,PRC IN1 INton,Randel et al. 2015,22159 32142 34044 37580 40141 48718 55238 73059 328632 1406825
INton,4,celltype3,Interneuron,head,visual system,dense cored vesicles,IN1,IN1,Randel et al. 2015,32460 55935 68613 71248
INpreSer,2,celltype4,Interneuron,head,dorsolateral interneuron cluster,dense cored vesicles,Ser-h1,,this study,1285393 1301268
cPRC,4,celltype5,Sensory neuron,head,apical organ,dense cored vesicles,INRGWa INNOS SN-ASTC SN-MIP1 SN-NS19 SN-NS20,,Williams et al. 2017,241978 252137 252608 252853
INRGWa,4,celltype6,Interneuron,head,apical organ,RGWamide              dense cored vesicles,INRGWa Ser-h1 INpreMN INCrossbow INsn,cPRC INRGWa INNOS SNlasso SN47Ach SN-NS5,Williams et al. 2017    Shahidi et al. 2015,246584 251790 1292427 1292932
INNOS,4,celltype7,Interneuron,head,apical organ,dense cored vesicles,INRGWa,cPRC,Williams et al. 2017,257885 313716 1292458 1317111
Ser-h1,2,celltype8,Motoneuron,head,ciliomotor        decussating,serotonergic            dense cored vesicles,Ser-h1 MC cMNATO prototroch,INpreSer INRGWa Ser-h1 pygPBunp,Veraszto et al. 2017,113999 284315
MC,1,celltype9,Motoneuron,head,ciliomotor,cholinergic       pigment dispersing factor      dense cored vesicles,prototroch,Ser-h1 cMNATO,Bezares-Calderon et al. 2018  Veraszto et al. 2017,60061
cMNPDF-vcl1,1,celltype10,Interneuron,head,ciliomotor,dopaminergic   pigment dispersing factor      dense cored vesicles,cMNATO cMNdc; PDF prototroch,,Veraszto et al. 2017   Shahidi et al. 2015,85530
cMNATO,1,celltype11,Interneuron,head,ciliomotor,adrenergic          dense cored vesicles,MC prototroch,Ser-h1 cMNPDF-vcl1 SNbicil,Veraszto et al. 2017,1302189
cMNdc; PDF,1,celltype12,Interneuron,head,ciliomotor,pigment dispersing factor      dense cored vesicles,INarc1 prototroch,cMNPDF-vcl1,Veraszto et al. 2017,1560393
SNnuchPDF,24,celltype13,Sensory neuron,head,nuchal organ,pigment dispersing factor      dense cored vesicles,SNnuchPDF INarc1 INarc2,SNnuchPDF SN-DSO17,Shahidi et al. 2015,837942 1065178 1068584 1069423 1070612 1074256 1075760 1077241 1101784 1103961 1103977 1108642 1113404 1118127 1118465 1125044 1126354 1214973 1276385 1306131 1306268 1308592 1309228 1319254
SNnuchNS,3,celltype14,Sensory neuron,head,nuchal organ,dense cored vesicles,,,Williams et al. 2017    Shahidi et al. 2015,531949 1108355 1264486
SNnuchBx,2,celltype15,Sensory neuron,head,nuchal organ,dense cored vesicles,,,Shahidi et al. 2015,1211899 1319070
SNgolden,2,celltype16,Sensory neuron,head,mushroom body,dense cored vesicles,SN-DLSO1.2-1,,this study,441817 1377866
SNhorn,2,celltype17,Sensory neuron,head,mushroom body,,INhorn,,this study,1299267 1333158
SNhook,2,celltype18,Sensory neuron,head,mushroom body,,MNant INdecusshook,,this study,77507 1276909
MNant,2,celltype19,Motoneuron,head,ciliomotor    mechanosensory girdle    decussating,dense cored vesicles,akrotroch prototroch metatroch paratroch,SNhook SNantlerPDF INCM Ser-tr1,Bezares-Calderon et al. 2018  Veraszto et al. 2017  Randel et al. 2015,1285069 1355372
SNlasso,2,celltype20,Sensory neuron,head,mushroom body,dense cored vesicles,INRGWa INW INlasso-postSN,INsplitPB-RF/Ya INasc-pyg,this study,1273022 1281939
INlasso,7,celltype21,Interneuron,head,dorsolateral interneuron cluster,RGWamide              dense cored vesicles,INlasso,INlasso,this study,1185115 1273359 1303909 1304775 1314734 1331032 1354390
INdecussPre,2,celltype22,Interneuron,head,central brain   decussating,,,INpreMN,this study,1654629 1704860
INpreMN,6,celltype23,Interneuron,head,dorsolateral interneuron cluster,dense cored vesicles,INdecussPre MN3 MN1 MN2,INRGWa,Veraszto et al. 2018,45548 190983 355224 1054945 1285310 1304968
SNMIP-vc,2,celltype24,Sensory neuron,head,ventral head,myoinhibitory peptide  dense cored vesicles,MN3,,Shahidi et al. 2015,1212800 1336723
SNmus,2,celltype25,Sensory neuron,head,mushroom body,,,,this study,1298844 1330509
SNantlerPDF,2,celltype26,Sensory neuron,head,mechanosensory girdle   descending,pigment dispersing factor      dense cored vesicles,MNant MN3,,this study,1072496 1300731
SNPDF-dcl1,2,celltype27,Sensory neuron,head,dorsolateral sensory organ,pigment dispersing factor      dense cored vesicles,,,Shahidi et al. 2015,1075718 1077309
SN-DLSO1.2,2,celltype28,Sensory neuron,head,dorsolateral sensory organ,pigment dispersing factor      dense cored vesicles,,,Williams et al. 2017    Shahidi et al. 2015,508114 1285696
SN-DLSO,28,celltype29,Sensory neuron,head,dorsolateral sensory organ,dense cored vesicles,SN-DLSO SN-WLD,SN-DLSO SN-DLSO2l SNMB2 SN-DLSO1.0,Williams et al. 2017,399192 399224 399266 431489 454054 482732 486036 541367 550345 612991 615803 796862 1089948 1090653 1092863 1120455 1123964 1155695 1156145 1161055 1315203 1315271 1317660 1318423 1319649 1328714 1411627 1419829
SN-DLSO1.2-1,2,celltype30,Sensory neuron,head,dorsolateral sensory organ,dense cored vesicles,,SNgolden,this study,523862 1327607
SN-DLSO2l,12,celltype31,Sensory neuron,head,dorsolateral sensory organ,dense cored vesicles,SN-DLSO,,this study,429993 837128 1156519 1275538 1275550 1328158 1328186 1328194 1544524 1639584 1785091 1785146
SNMB2,8,celltype32,Sensory neuron,head,mushroom body,dense cored vesicles,SN-DLSO,,this study,1282428 1284780 1331507 1332367 1411577 1411593 1455582 1721342
eyespot-PRCR3,2,celltype33,Sensory neuron  Motoneuron,head,eyespot,cholinergic      FVRIamide,MN3 MN1 prototroch,,Veraszto et al. 2017  Randel et al. 2015,57341 167671
eyespot-PRCR1,2,celltype34,Sensory neuron,head,eyespot,,INR1,,Randel et al. 2015,766165 770802
MS1,1,celltype35,Sensory neuron,head,central brain,cholinergic,MN1 MN2 INproT2,,Bezares-Calderon et al. 2018,16719
MS4,2,celltype36,Sensory neuron,head  sg1,peripheral NS   central brain,cholinergic,MS4 MN3 MN1 MN2,MS4,Bezares-Calderon et al. 2018,64258 1737105
MS3,2,celltype37,Sensory neuron,head,dorsolateral sensory organ,cholinergic,INCrossbow,,Bezares-Calderon et al. 2018,115486 118101
MS5,2,celltype38,Sensory neuron,sg1,peripheral NS,cholinergic,,,Bezares-Calderon et al. 2018,139142 139543
SN-ASTC,2,celltype39,Sensory neuron,head,apical organ,dense cored vesicles,,cPRC,Williams et al. 2017,250842 436248
SN-DLSO3-PDF,2,celltype40,Sensory neuron,head,dorsolateral sensory organ,pigment dispersing factor      dense cored vesicles,,,Shahidi et al. 2015,633874 1273155
SN-DLSO3,4,celltype41,Sensory neuron,head,dorsolateral sensory organ,dense cored vesicles,,,this study,275699 298270 672228 1160628
MC2biax-1,2,celltype42,Interneuron,head,dorsolateral interneuron cluster  central brain,,,,this study,237911 674618
SN-IRP2-burs,1,celltype43,Sensory neuron,head,apical organ,dense cored vesicles,,,Williams et al. 2017,81251
SN-IRP2-FMRF,1,celltype44,Sensory neuron,head,apical organ,dense cored vesicles,,,Williams et al. 2017,532764
SN-MIP4,2,celltype45,Sensory neuron,head,apical organ,dense cored vesicles,,,Williams et al. 2017,289898 316821
SN-MIP1,2,celltype46,Sensory neuron,head,apical organ,dense cored vesicles,,cPRC,Williams et al. 2017,277200 493278
MNspinning,2,celltype47,Motoneuron,sg2,ventral nerve cord,dense cored vesicles,spinGland,chaeMech INsplitPB ventralParaPB2 INsplitBronto,this study,1333311 1333529
SN-WLD,2,celltype48,Sensory neuron,head,apical organ,dense cored vesicles,,SN-DLSO,Williams et al. 2017,300976 442961
SN-DSO17,17,celltype49,Sensory neuron,head,dorsal sensory organ,dense cored vesicles,SNnuchPDF SN-DSO17,SN-DSO17,this study,1130041 1130360 1130583 1224072 1275865 1275880 1275907 1312181 1316070 1317675 1317774 1317783 1317795 1317808 1318258 1332516 1374369
SNbicil,2,celltype50,Sensory neuron,head,ventral head,dense cored vesicles,cMNATO,,this study,269876 1065166
SNasym,1,celltype51,Sensory neuron,head,dorsolateral sensory organ,dense cored vesicles,,,this study,1292228
SN47Ach,1,celltype52,Sensory neuron,head,apical organ,myoinhibitory peptide  dense cored vesicles,INRGWa INUturn,,Williams et al. 2017,295849
INCrossbow,2,celltype53,Interneuron,head,dorsolateral interneuron cluster  central brain   decussating,dense cored vesicles,,INRGWa MS3,Bezares-Calderon et al. 2018,117385 119436
pygPBunp,1,celltype54,Sensory neuron  Motoneuron,pygidium,ventral nerve cord   mechanosensory girdle,dense cored vesicles,Ser-h1 prototroch covercell,,Bezares-Calderon et al. 2018  Veraszto et al. 2017   Shahidi et al. 2015,370978
INarc1,2,celltype55,Interneuron,head,central brain   decussating,dense cored vesicles,,cMNdc; PDF SNnuchPDF hCR2,Bezares-Calderon et al. 2018    Randel et al. 2015 Shahidi et al. 2015,774105 1732448
INarc2,2,celltype56,Interneuron,head,central brain   decussating,dense cored vesicles,,SNnuchPDF,Shahidi et al. 2015,637265 1306584
INsn,6,celltype57,Interneuron,head,central brain,dense cored vesicles,INsn MN1 MN2 INpro INproT2,INRGWa INsn INlasso-postSN,Randel et al. 2015,54090 57553 366449 370662 411531 590953
INrope,2,celltype58,Interneuron,head,mushroom body      mechanosensory girdle   descending,dense cored vesicles,Loop MNspiderATO-ant MNspider-post MNbiramous MNring INsplitVent MNsmile,hCR2 SNbronto,Bezares-Calderon et al. 2018,161743 386671
Loop,2,celltype59,Motoneuron,sg1,ciliomotor ventral nerve cord   mechanosensory girdle,cholinergic             dense cored vesicles,INbackcross3 akrotroch crescentcell prototroch nuchal paratroch EC,INrope INCM Ser-tr1,Bezares-Calderon et al. 2018  Veraszto et al. 2017,1280027 1298426
INCM,2,celltype60,Interneuron,sg1,ventral nerve cord   mechanosensory girdle,dense cored vesicles,MNant Loop,hCR2,Bezares-Calderon et al. 2018,1312678 1613646
MNspiderATO-ant,4,celltype61,Motoneuron,sg2 sg3,ventral nerve cord,orexin/allatotropin     dense cored vesicles,MUSac-notP MUSac-neuPV MUSobA-re MUSobA-arc MUSchae-neuDac MUSlongV,INrope INsplitBronto,Bezares-Calderon et al. 2018,955074 1181940 1383418 1395556
MNspider-post,5,celltype62,Motoneuron,sg2 sg3,ventral nerve cord,,MUSac-neuPV MUSobP-neuDlong MUSobP-neuV MUSobP-notV,INrope,Bezares-Calderon et al. 2018,1394905 1421839 1447180 1525257 1697854
MNbiramous,6,celltype63,Motoneuron,sg1 sg2 sg3,ventral nerve cord,,MUSchae-notAac MUSchae-neuDac MUSchae-Are,INrope MNbow,Bezares-Calderon et al. 2018,715837 1293484 1295517 1408867 1567189 1849324
MNring,32,celltype64,Motoneuron,sg1 sg2 sg3 pygidium,ciliomotor ventral nerve cord,,MNring MUSac-notA MUSobP-neuV MUStrans MUSlongD MUSlongV EC,INrope MNring chaeMech INproT2 INsplitVent,Bezares-Calderon et al. 2018,579755 932125 1026501 1241266 1244182 1249546 1297975 1308618 1392970 1395647 1396596 1409372 1434598 1460772 1461953 1466424 1486247 1486363 1488411 1667913 1678661 1679615 1741418 1741422 1776476 1776504 1792917 1824372 1831596 1832672 1971650 2185709
MNcrab,4,celltype65,Motoneuron,sg2 sg3,ventral nerve cord,,MUSac-notA MUSac-notP MUSac-neuAV MUSac-neuPV MUSchae-notAac MUSlongD MUSlongV,INsplitCR VentralpygCR2,Bezares-Calderon et al. 2018,1026962 1239327 1348484 1727474
MNhose,6,celltype66,Motoneuron,sg1 sg2 sg3,ventral nerve cord,dense cored vesicles,MUSobA-re MUSobA-trans MUSobP-neuV MUSobP-notV MUSobP-noty MUStrans,,Bezares-Calderon et al. 2018,1297489 1338917 1387435 1391222 1831679 1956332
MNbow,2,celltype67,Motoneuron,sg2,ventral nerve cord,proenkephalin dense cored vesicles,MNbiramous MUSac-notP,,Bezares-Calderon et al. 2018,1307524 1729648
MNwave,6,celltype68,Motoneuron,sg2 sg3,ventral nerve cord,,meso 1381122 MUSac-notP MUSac-notM MUSchae-notAac,INleucoPU,Bezares-Calderon et al. 2018,954910 1391234 1398649 1399394 1403656 1752235
MNacicX,3,celltype69,Motoneuron,sg2 sg3,ventral nerve cord,dense cored vesicles,MUSac-neuPV,INchaeMech,this study,1216549 1382729 1414213
INchaeMech,2,celltype70,Interneuron,sg3,ventral nerve cord,,MNacicX,chaeMech,this study,1400756 1963755
chaeMech,20,celltype71,Sensory neuron,sg1 sg2 sg3,mechanosensory girdle,dense cored vesicles,MNspinning MNring INchaeMech chaeMech INFVa-pyg INsplitCR INsplitCRATO INbiaxH INasc-pyg INsplitBronto,chaeMech VentralpygCR2,this study,1312731 1363796 1381127 1382959 1382978 1383986 1387465 1401852 1415528 1434961 1443411 1609864 1691763 1731062 1837982 1845760 1849623 1850496 2008327 2008640
INFVa-pyg,2,celltype72,Interneuron,pygidium,ventral nerve cord,FVamide     leucokinin   dense cored vesicles,MNladder,chaeMech,Shahidi et al. 2015,369396 1678918
INsplitCR,17,celltype73,Interneuron,sg0 sg1 sg2 sg3,ventral nerve cord   mechanosensory girdle,pigment dispersing factor   leucokinin   dense cored vesicles,MNcrab INsplitCR,chaeMech INsplitCR hCR2 VentralpygCR2 INbiaxLeg INbiaxH INcomm-DownL,Bezares-Calderon et al. 2018,759694 1308413 1310363 1351280 1351307 1354979 1387474 1412560 1420237 1488194 1545349 1611683 1653907 1731304 1732095 1732697 2015571
INsplitCRATO,2,celltype74,Interneuron,sg3,ventral nerve cord   mechanosensory girdle,orexin/allatotropin     dense cored vesicles,,chaeMech VentralpygCR2,Bezares-Calderon et al. 2018,708202 1400382
INMC3,2,celltype75,Interneuron,head,mechanosensory girdle   descending,,MC3cover,,this study,1321475 1365661
INbiax,2,celltype76,Interneuron,head,central brain  descending,dense cored vesicles,,,this study,798041 801132
INsplitPB-RF/Ya,2,celltype77,Interneuron,sg1,ventral nerve cord   mechanosensory girdle,FVRIamide pigment dispersing factor  FMRFamide    dense cored vesicles,SNlasso INsplitPBant INsplitPB,,Shahidi et al. 2015,422125 987008
INsplitPBant,2,celltype78,Interneuron,sg1,ventral nerve cord   mechanosensory girdle,dense cored vesicles,INasc-pyg,INsplitPB-RF/Ya ventralParaPB2,this study,172769 1304990
INsplitPB,16,celltype79,Interneuron,sg1 sg2 sg3,ventral nerve cord   mechanosensory girdle,FVamide   orexin/allatotropin    proenkephalin dense cored vesicles,MNspinning INsplitPB SNPDF-pyg INasc-pyg INleucoPU,INsplitPB-RF/Ya INsplitPB ventralParaPB2 interparaPM1,this study,445828 525800 708228 932505 1304924 1340501 1364158 1364445 1366501 1390047 1421064 1437030 1473202 1600760 1841743 1846855
ventralParaPB2,54,celltype80,Sensory neuron,head  sg1 sg2 sg3 pygidium,dorsal sensory organ        ventral nerve cord peripheral NS  mechanosensory girdle,dense cored vesicles,MNspinning INsplitPBant INsplitPB ventralParaPB2 SNFVa,ventralParaPB2,Bezares-Calderon et al. 2018,608460 744953 992019 1274031 1275357 1275823 1276949 1276971 1276992 1277011 1278006 1278598 1279518 1281169 1292334 1324518 1335777 1337798 1338735 1348649 1348770 1349004 1349023 1349051 1349065 1349072 1349386 1360763 1360843 1360893 1361224 1361239 1361281 1361306 1361321 1361352 1361412 1361460 1361481 1361497 1364517 1388649 1390749 1394792 1425347 1625158 1668797 1764464 1817462 1837125 1848592 2008588 2008663 2033589
interparaPM1,4,celltype81,Sensory neuron,sg1 sg2,peripheral NS  mechanosensory girdle,,INsplitPB,,Bezares-Calderon et al. 2018,1306349 1349942 1360565 1732349
cioMNcover,3,celltype82,Motoneuron,pygidium,ciliomotor ventral nerve cord,dense cored vesicles,covercell,,this study,144261 228289 1277759
INsplitPUh,4,celltype83,Interneuron,head sg0,ventral nerve cord   mechanosensory girdle,dense cored vesicles,,hPUc,this study,1329299 1571286 1646209 1726348
MN3,2,celltype84,Motoneuron,head,ciliomotor        decussating,cholinergic             dense cored vesicles,MN3 MN1 MN2 prototroch,INpreMN SNMIP-vc SNantlerPDF eyespot-PRCR3 MS4 MN3,Veraszto et al. 2017  Randel et al. 2015,344239 1732111
MN1,2,celltype85,Motoneuron,head,ciliomotor        decussating,cholinergic             dense cored vesicles,paratroch MUSlongV,INpreMN eyespot-PRCR3 MS1 MS4 INsn MN3,Veraszto et al. 2017  Randel et al. 2015,108826 140828
MN2,2,celltype86,Motoneuron,head,ciliomotor        decussating,cholinergic             dense cored vesicles,prototroch paratroch MUSlongD,INpreMN MS1 MS4 INsn MN3,Veraszto et al. 2017  Randel et al. 2015,359142 826675
MC3cover,2,celltype87,Motoneuron,sg1,ventral nerve cord   mechanosensory girdle,dense cored vesicles,covercell,INMC3 SNFVa SNbronto,this study,261398 1166300
antPUc,17,celltype88,Sensory neuron,head,antenna         mechanosensory girdle,,,,Bezares-Calderon et al. 2018,160141 192051 192078 192257 192323 192595 192666 192812 193047 738760 1318919 1318929 1318938 1324324 1324546 1324587 1355754
spinPU1,9,celltype89,Sensory neuron,sg2 sg3,peripheral NS  mechanosensory girdle,,,,Bezares-Calderon et al. 2018,1336299 1349060 1350839 1388614 1388660 1390740 1390755 1442970 2008469
VentraltrunkPUunp-Glialike,1,celltype90,Sensory neuron,sg2,ventral nerve cord,,,,this study,1312647
ventralParaPU1,31,celltype91,Sensory neuron,sg1 sg2 sg3 pygidium,ventral nerve cord peripheral NS  mechanosensory girdle,dense cored vesicles,INleucoPU MNladder,,Bezares-Calderon et al. 2018,1301396 1337804 1348661 1348994 1349009 1349077 1349134 1356982 1360769 1361146 1361174 1361208 1361264 1361290 1361330 1361369 1361489 1394281 1464604 1516536 1690116 1699713 1700859 1700942 1730785 1756581 1815592 1817450 1849185 1849787 2294656
hPUc1,2,celltype92,Sensory neuron,head,central brain,,,,Bezares-Calderon et al. 2018,174199 177343
pygCirrusPUSM,2,celltype93,Sensory neuron  Motoneuron,pygidium,ventral nerve cord   mechanosensory girdle,,,,Bezares-Calderon et al. 2018,1335807 1594313
hCirrusPU,14,celltype94,Sensory neuron,sg0 sg1 sg2 sg3,ventral nerve cord peripheral NS  mechanosensory girdle,,,,Bezares-Calderon et al. 2018,156947 1307230 1307247 1349082 1349087 1349124 1349150 1349956 1377191 1377198 1666683 1849863 1975364 2015704
ventralpostParaPUc2,26,celltype95,Sensory neuron,sg1 sg2 sg3,ventral nerve cord peripheral NS  mechanosensory girdle,,,,Bezares-Calderon et al. 2018,1274302 1298294 1339088 1349046 1349065 1360579 1361447 1377167 1377175 1386539 1415508 1417545 1526023 1567349 1567572 1588419 1631145 1733058 1778482 1817392 1817442 1817906 1847754 1847818 1848466 1999932
hPUc,6,celltype96,Sensory neuron,head,mechanosensory girdle   descending,,INsplitPUh,,Bezares-Calderon et al. 2018,181663 183077 185562 189615 1278051 1283053
dsoPUc1unp,4,celltype97,Sensory neuron,head,dorsal sensory organ           mechanosensory girdle,,,,Bezares-Calderon et al. 2018,1298552 1312187 1317564 1364769
pygCirrusPU,13,celltype98,Sensory neuron,pygidium,ventral nerve cord   mechanosensory girdle,,,,Bezares-Calderon et al. 2018,1166446 1278185 1279508 1279525 1279543 1324561 1336354 1344565 1344599 1347263 1347475 1358367 1358386
hPU2l-asymPDF,1,celltype99,Sensory neuron,head,mechanosensory girdle,pigment dispersing factor      dense cored vesicles,,,Bezares-Calderon et al. 2018,1367387
hCR2,24,celltype100,Sensory neuron,head,dorsal sensory organ  antenna         mechanosensory girdle   descending,glutamatergic      orexin/allatotropin     dense cored vesicles,INarc1 INrope INCM INsplitCR hCR2 INcomm-Upcross,hCR2 INcomm-Upcross,Bezares-Calderon et al. 2018,153151 192214 192436 193819 194214 324793 796391 919231 1003081 1272664 1272719 1272941 1281060 1281333 1282965 1346759 1688689 1730901 1736843 1736887 2015119 2015193 2015233 2015241
VentralpygCR2,21,celltype101,Sensory neuron,sg0 sg1 sg2 sg3 pygidium,ventral nerve cord peripheral NS  mechanosensory girdle,glutamatergic           dense cored vesicles,MNcrab chaeMech INsplitCR INsplitCRATO VentralpygCR2 INcomm-Upcross,VentralpygCR2,Bezares-Calderon et al. 2018,1178663 1274053 1275026 1275053 1278688 1278697 1278903 1279563 1324600 1348968 1349028 1349034 1349040 1349092 1349108 1349113 1349144 1349949 1364468 1366275 1412575
doCRunp,1,celltype102,Sensory neuron,sg1,peripheral NS  mechanosensory girdle,glutamatergic,,,Bezares-Calderon et al. 2018,139303
SN-DLSO1.0,2,celltype103,Sensory neuron,head,dorsolateral sensory organ,dense cored vesicles,SN-DLSO,,this study,1092264 1319657
INdc,6,celltype104,Interneuron,head,dorsolateral interneuron cluster,,,,Randel et al. 2015,73954 409861 414949 671957 767751 1473074
INbackcross3,6,celltype105,Interneuron,sg1 sg2 sg3,ciliomotor  peripheral NS,,,Loop,this study,577483 1339377 1366282 1371922 1551483 1728550
MNmouth,2,celltype106,Motoneuron,sg2,ventral nerve cord,,,INleucoPU,Bezares-Calderon et al. 2018,1355081 1394963
MNob-ipsi,4,celltype107,Motoneuron,sg2 sg3,ventral nerve cord,dense cored vesicles,MUSobP-neuV MUSobP-notV,,this study,1323621 1372913 1468636 1971259
INbiaxLeg,3,celltype108,Interneuron,sg2,ventral nerve cord,FVamide        dense cored vesicles,INsplitCR,,this study,1366510 1383171 1624567
INbiaxH,5,celltype109,Interneuron,sg1 sg2,ventral nerve cord,dense cored vesicles,INsplitCR INasc-pyg,chaeMech,this study,1302247 1304654 1562433 1617129 1845563
SN-NS1,2,celltype110,Sensory neuron,head,mushroom body,dense cored vesicles,,,Williams et al. 2017,423498 1285768
SN-NS3,2,celltype111,Sensory neuron,head,apical organ,pigment dispersing factor      dense cored vesicles,,,Williams et al. 2017,83642 290858
SN-NS4,1,celltype112,Sensory neuron,head,apical organ,dense cored vesicles,,,Williams et al. 2017,1419152
SN-NS15,2,celltype113,Sensory neuron,head,apical organ,dense cored vesicles,,,Williams et al. 2017,485566 1285367
SNaant,9,celltype114,Sensory neuron,head,central brain,dense cored vesicles,INZ,,this study,77552 77730 488162 490666 982688 983759 984413 985429 1410146
SNPDF-pyg,2,celltype115,Sensory neuron,pygidium,ventral nerve cord   mechanosensory girdle,pigment dispersing factor      dense cored vesicles,,INsplitPB SNpygM,Shahidi et al. 2015,1275135 1386177
INfoot,4,celltype116,Interneuron,head,dorsolateral interneuron cluster,dense cored vesicles,INdecussfoot,,this study,1064990 1276040 1298898 1371619
INW,5,celltype117,Interneuron,head,central brain   decussating,dense cored vesicles,,SNlasso INhook INMBtype6,Randel et al. 2015,515762 1272459 1311006 1349820 1860886
INmidL,4,celltype118,Interneuron,head,central brain,dense cored vesicles,,,this study,1273583 1299586 1337238 1360179
INhook,2,celltype119,Interneuron,head,dorsolateral interneuron cluster,dense cored vesicles,INW,,this study,1284610 1314425
INMBtype6,11,celltype120,Interneuron,head,mushroom body,dense cored vesicles,INW,,this study,1332260 1332314 1332389 1342141 1354406 1356078 1361317 1363312 1471324 1471450 2003558
INMBtype5,8,celltype121,Interneuron,head,mushroom body,dense cored vesicles,,,this study,1329884 1330831 1335645 1342071 1354525 1370473 1409346 1717565
INMBtype7,5,celltype122,Interneuron,head,mushroom body,,,,this study,786570 1224630 1335507 1337294 1358740
INcross,7,celltype123,Interneuron,head,central brain   decussating,,INpro,,this study,776455 1302082 1317942 1321672 1333887 1367302 1425033
INpro,12,celltype124,Interneuron,head,central brain   decussating,orexin/allatotropin     dense cored vesicles,INpro,INsn INcross INpro,Randel et al. 2015,92619 366190 493786 498302 499451 1285875 1292947 1302031 1321665 1340805 1430426 1465914
INproT2,4,celltype125,Interneuron,head,central brain   decussating,dense cored vesicles,MNring,MS1 INsn,Randel et al. 2015,108173 385141 923710 1489563
INpear,4,celltype126,Interneuron,head,dorsolateral interneuron cluster,dense cored vesicles,,,this study,41848 857325 1285075 1304469
INZ,4,celltype127,Interneuron,head,dorsolateral interneuron cluster,dense cored vesicles,,SNaant,this study,854174 1276652 1311483 1367741
MNpostv,4,celltype128,Motoneuron,sg2 sg3,ventral nerve cord,dense cored vesicles,,,this study,1135395 1824208 1828100 2028720
SN-NS22,2,celltype129,Sensory neuron,head,apical organ,dense cored vesicles,,,Williams et al. 2017,308269 452157
SN-NS5,2,celltype130,Sensory neuron,head,apical organ,dense cored vesicles,INRGWa,,Williams et al. 2017,318576 537125
SN-NS17,2,celltype131,Sensory neuron,head,mushroom body,dense cored vesicles,,,Williams et al. 2017,1281886 1284704
SN-YF5cil,1,celltype132,Sensory neuron,head,apical organ,dense cored vesicles,,,Williams et al. 2017,1418928
SN-NS19,2,celltype133,Sensory neuron,head,mushroom body,dense cored vesicles,,cPRC,Williams et al. 2017,248696 273576
SN-NS20,2,celltype134,Sensory neuron,head,apical organ,dense cored vesicles,,cPRC,Williams et al. 2017,247535 265148
SN-NS6,1,celltype135,Sensory neuron,head,apical organ,dense cored vesicles,,,Williams et al. 2017,307194
SN-NS29,2,celltype136,Sensory neuron,head,apical organ,dense cored vesicles,,,Williams et al. 2017,486654 1292186
SN-NS27,2,celltype137,Sensory neuron,head,mushroom body,dense cored vesicles,,,Williams et al. 2017,1411715 1419056
SN-NS18,2,celltype138,Sensory neuron,head,mushroom body,dense cored vesicles,,,Williams et al. 2017,629210 1156554
SN-NS16,2,celltype139,Sensory neuron,head,apical organ,dense cored vesicles,,,Williams et al. 2017,452180 588869
INbigloop,4,celltype140,Interneuron,head,mushroom body         descending,dense cored vesicles,,,this study,1215017 1307663 1316572 1470654
SNadNS22,2,celltype141,Sensory neuron,head,apical organ,dense cored vesicles,,,this study,309165 673344
Ser-tr1,2,celltype142,Motoneuron,sg1,ciliomotor ventral nerve cord,serotonergic       orexin/allatotropin     dense cored vesicles,MNant Loop akrotroch metatroch paratroch,,Veraszto et al. 2017,1274799 1294986
SNFVa,4,celltype143,Sensory neuron,sg2 sg3,ventral nerve cord   mechanosensory girdle,FVamide        dense cored vesicles,MC3cover,ventralParaPB2,Shahidi et al. 2015,1277851 1278038 1280134 1482574
INUturn,2,celltype144,Interneuron,head,central brain  descending,,,SN47Ach,this study,1336321 1359237
INATOpyg,2,celltype145,Interneuron,pygidium,ventral nerve cord,orexin/allatotropin     dense cored vesicles,,,Shahidi et al. 2015,55057 1732300
INcomm-Upstairs,13,celltype146,Interneuron,sg3 pygidium,ventral nerve cord,FVamide    FMRFamide leucokinin   dense cored vesicles,,,Bezares-Calderon et al. 2018,442973 1274603 1275367 1278774 1281424 1313126 1409659 1409671 1416527 1431472 1438343 1460009 1618091
INasc-pyg,4,celltype147,Interneuron,pygidium,ventral nerve cord   mechanosensory girdle,myoinhibitory peptide  dense cored vesicles,SNlasso INasc-pyg,chaeMech INsplitPBant INsplitPB INbiaxH INasc-pyg SNpygM,this study,445419 1312289 1387104 2313882
SNblunt,2,celltype148,Sensory neuron,head,mechanosensory girdle   descending,dense cored vesicles,,,this study,463617 1271778
INsplitBronto,2,celltype149,Interneuron,sg1,ventral nerve cord   mechanosensory girdle,orexin/allatotropin     dense cored vesicles,MNspinning MNspiderATO-ant,chaeMech SNbronto,this study,1365232 1569660
INleucoPU,2,celltype150,Interneuron,sg1,ventral nerve cord,leucokinin   dense cored vesicles,MNwave MNmouth MNladder,INsplitPB ventralParaPU1,Shahidi et al. 2015,1404567 1829164
MNladder,2,celltype151,Motoneuron,sg1,ventral nerve cord,,,INFVa-pyg ventralParaPU1 INleucoPU INpreLadder INcommdescFVa,this study,1598752 1739384
INdecussfoot,2,celltype152,Interneuron,head,central brain   decussating,,,INfoot,this study,1338468 1345461
INdecusshook,2,celltype153,Interneuron,head,central brain   decussating,,,SNhook,this study,1339608 1343467
INpreLadder,4,celltype154,Interneuron,sg2 sg3,ventral nerve cord,orexin/allatotropin     dense cored vesicles,MNladder,,this study,1432915 1732295 1829214 2000850
INcomm-Upcross,9,celltype155,Interneuron,sg1 sg2,ventral nerve cord,dense cored vesicles,hCR2,hCR2 VentralpygCR2,Bezares-Calderon et al. 2018,827510 908068 1357597 1488284 1560783 1674019 1696456 1732338 1947255
MNacic,3,celltype156,Motoneuron,sg1  sg3,ventral nerve cord,,MUSac-notP,,Bezares-Calderon et al. 2018,907055 1447037 1763522
INsplitVent,2,celltype157,Interneuron,sg2,ventral nerve cord   mechanosensory girdle,dense cored vesicles,MNring,INrope,this study,1390541 1731953
INcomm-DownL,2,celltype158,Interneuron,sg1,ventral nerve cord,,INsplitCR,,Bezares-Calderon et al. 2018,1652177 1739198
MNarm,7,celltype159,Motoneuron,sg2 sg3,ventral nerve cord,,MUSac-neuDach,,Bezares-Calderon et al. 2018,1387530 1415473 1541032 1566960 1684965 1757115 1763759
INlasso-postSN,2,celltype160,Interneuron,head,dorsolateral interneuron cluster,dense cored vesicles,INsn,SNlasso,this study,1273131 1345703
MNantacic,6,celltype161,Motoneuron,sg1 sg2,ventral nerve cord,,MUSobA-re MUSchae-notAac,,this study,1364315 1399590 1579204 1833415 1850777 1953050
MNpostacic,8,celltype162,Motoneuron,sg1 sg2 sg3,ventral nerve cord,dense cored vesicles,MUSobP-notD,,this study,557901 907144 1364226 1674291 1793408 1950602 1957809 2008544
SN-DLSO1.3,9,celltype163,Sensory neuron,head,dorsolateral sensory organ,dense cored vesicles,,,Williams et al. 2017,476224 1156418 1163030 1294400 1294413 1316939 1327767 1402559 1472553
MNakro,2,celltype164,Motoneuron,head,ciliomotor,dense cored vesicles,akrotroch,,this study,1341740 1489640
MNchae,9,celltype165,Motoneuron,sg1 sg2 sg3,ventral nerve cord,dense cored vesicles,MUSchae-neuVob MUSchae-neuDac,,Bezares-Calderon et al. 2018,1381662 1383001 1384013 1415344 1436108 1585416 1671147 1728563 1951105
MNgland-head,2,celltype166,Motoneuron,head,central brain   decussating,dense cored vesicles,ciliatedGland,,this study,1387613 2007344
SNstiff,4,celltype167,Sensory neuron,sg0,ventral nerve cord,dense cored vesicles,,,this study,390240 1204176 1345862 1847252
SNbronto,2,celltype168,Sensory neuron,head,mechanosensory girdle   descending,,INrope MC3cover INsplitBronto,,this study,1417810 1923672
INcommascFV,3,celltype169,Interneuron,sg2,ventral nerve cord,FVamide  pigment dispersing factor      dense cored vesicles,,,this study,1065030 1525669 1860656
SNpygM,2,celltype170,Sensory neuron,pygidium,ventral nerve cord   mechanosensory girdle,,SNPDF-pyg INasc-pyg,,this study,668812 1342725
INR1,4,celltype171,Interneuron,head,visual system,,,eyespot-PRCR1,this study,67795 1265951 1328854 1704627
SN-DLSO1.1NP,2,celltype172,Sensory neuron,head,dorsolateral sensory organ,dense cored vesicles,,,this study,44863 780577
SN-DLSO1.1,4,celltype173,Sensory neuron,head,dorsolateral sensory organ,,,,this study,1123072 1161034 1161044 1439840
INmus,2,celltype174,Interneuron,head,central brain,,,,this study,364674 1334234
INdescLuqinPDF,2,celltype175,Interneuron,head,central brain  descending,pigment dispersing factor      dense cored vesicles,,,this study,1293005 1797181
INcosplit,2,celltype176,Interneuron,sg2,ventral nerve cord,,,,this study,1957230 2010915
INcommdescFVa,2,celltype177,Interneuron,sg2,ventral nerve cord,FVamide        dense cored vesicles,MNladder,,this study,1312363 1339023
MNheadV,4,celltype178,Motoneuron,head,central brain,,,,this study,982115 988822 1321713 1554019
INsqNSasym,1,celltype179,Interneuron,head,central brain,dense cored vesicles,,,this study,981467
INbiaxHmid,2,celltype180,Interneuron,sg2,ventral nerve cord,,,,this study,628517 1436570
MNantelope,3,celltype181,Motoneuron,sg1  sg3,ventral nerve cord,,,,this study,1435418 1457836 1753932
MNsmile,8,celltype182,Motoneuron,sg1,ventral nerve cord,dense cored vesicles,MUStrans MUSlongV MUSax,INrope,Bezares-Calderon et al. 2018,1305492 1312505 1391584 1395980 1396335 1420415 1433397 1549787
INhorn,2,celltype183,Interneuron,head,mushroom body         descending,dense cored vesicles,,SNhorn,this study,1356253 2294176
INMBPDF,4,celltype184,Interneuron,head,mushroom body          decussating,pigment dispersing factor      dense cored vesicles,,,Veraszto et al. 2018  Shahidi et al. 2015,1185175 1287449 1293518 1337258
INMBdescFMRF,2,celltype185,Interneuron,head,mushroom body         descending,FMRFamide    dense cored vesicles,,,this study,1320921 1957288
INDLSO,4,celltype186,Interneuron,head,dorsolateral interneuron cluster,dense cored vesicles,INUturnMB,,this study,1271721 1285301 1311897 1732439
SNtorii,2,celltype187,Sensory neuron,head,mushroom body,dense cored vesicles,,,this study,1316107 1316451
INexsn,2,celltype188,Interneuron,head,central brain,,,,this study,74477 1286825
MBmouth,14,celltype189,Interneuron,head,mushroom body,,MBmouth,MBmouth,this study,1360479 1360557 1426732 1470542 1470554 1471365 1472577 1715549 1806861 1807636 1808768 2294153 2294345 2294357
SNtrpa,2,celltype190,Sensory neuron,head,mushroom body,dense cored vesicles,,,this study,1323208 1342975
INtorii,2,celltype191,Interneuron,head,mushroom body         descending,dense cored vesicles,,,Bezares-Calderon et al. 2018,361741 2296864
INUturnMB,2,celltype192,Interneuron,head,mushroom body         descending,dense cored vesicles,,INDLSO,this study,1320938 1854639
INface,2,celltype193,Interneuron,head,central brain,,,,this study,1301923 1356560
INMBdesc3,2,celltype194,Interneuron,head,mushroom body         descending,dense cored vesicles,,,this study,331495 2294251
INMBdesc2,4,celltype195,Interneuron,head,mushroom body         descending,FMRFamide    dense cored vesicles,,,this study,296186 1356971 1398573 1932988
INpara,4,celltype196,Interneuron,head,central brain,,,,this study,1318495 1326008 1354776 1359694
akrotroch,8,celltype_non_neuronal1,multiciliated cell,head,,,,MNant Loop Ser-tr1 MNakro,Veraszto et al. 2017,167009 168075 171166 542612 709878 1076839 1204562 1294947
crescentcell,1,celltype_non_neuronal2,multiciliated cell,head,,dense cored vesicles,,Loop,Veraszto et al. 2017,84457
prototroch,23,celltype_non_neuronal3,multiciliated cell,head,,,,Ser-h1 MC cMNPDF-vcl1 cMNATO cMNdc; PDF MNant eyespot-PRCR3 pygPBunp Loop MN3 MN2,Bezares-Calderon et al. 2018  Veraszto et al. 2017  Randel et al. 2015,101233 143674 174256 174545 175367 180202 180953 183731 184848 184928 186240 188036 188153 198277 198864 202807 203433 204577 206767 207330 208456 212664 397532
nuchal,6,celltype_non_neuronal4,multiciliated cell,head,nuchal organ,,,Loop,Veraszto et al. 2017,306267 1342991 1343003 1372508 1372518 1372528
metatroch,8,celltype_non_neuronal5,multiciliated cell,sg0,,,,MNant Ser-tr1,Bezares-Calderon et al. 2018  Veraszto et al. 2017,1113608 1114055 1203965 1204373 1204576 1204589 1224344 1306315
paratroch,34,celltype_non_neuronal6,multiciliated cell,sg1 sg2 sg3,,,,MNant Loop MN1 MN2 Ser-tr1,Bezares-Calderon et al. 2018  Veraszto et al. 2017  Randel et al. 2015,518599 556693 575319 575787 577621 578783 607961 608173 936192 940016 944941 992087 992096 992125 992139 992309 992318 992337 992344 992355 992365 992374 992383 992401 992419 992429 992438 992446 992455 1298402 1299789 1328001 1462261 1670429
spinGland,4,celltype_non_neuronal7,gland cell,sg2 sg3,,,,MNspinning,this study,1333316 1333515 1333597 1333656
covercell,16,celltype_non_neuronal8,pigment cell,head,,,,pygPBunp cioMNcover MC3cover,this study,201048 219569 273055 359783 746037 751490 768031 774258 1278611 1282984 1282992 1282998 1294966 1294978 1303054 1558917
ciliatedGland,24,celltype_non_neuronal9,gland cell,sg0 sg1,,,,MNgland-head,this study,800116 1150049 1224471 1293606 1336580 1348615 1348622 1377662 1458234 1606125 1607377 1611191 1612489 1646240 1651849 1656520 1656524 1680741 1680875 1690667 1715427 1782742 1970646 1970719
eyespot-pigment-cell,2,celltype_non_neuronal10,pigment cell,head,,,,,this study,771063 1384292
pigment-cell,12,celltype_non_neuronal11,pigment cell,head,,,,,this study,50699 1273395 1273900 1342836 1398407 1471475 1471486 1719011 1778002 1785295 1808882 1969684
gland-pigment,10,celltype_non_neuronal12,,sg1 sg2 sg3,,,,,this study,1630637 1671557 1801981 1811784 1833227 1835187 1835236 1970082 1970093 1970103
macrophage-like,13,celltype_non_neuronal13,,head  sg1 sg2 sg3 pygidium,,,,,this study,833928 1303041 1400405 1410847 1532950 1633434 1650208 1652882 1828921 1830102 1843496 1942123 1966020
yolk-cover-cell cell,39,celltype_non_neuronal14,pigment cell,head sg0 sg1 sg2 sg3,,,,,this study,1471786 1471799 1471810 1471820 1471844 1471868 1471880 1621768 1621784 1650073 1650937 1651477 1722341 1765297 1765495 1765505 1765518 1917404 1956550 1956858 1956866 1956874 1956882 1970183 1970189 1970196 1970203 1970210 1970217 1970224 1970231 1970239 1970247 1970254 1970261 1970268 1970274 2034219 2172229
flat-glia,21,celltype_non_neuronal15,glia cell,head sg0 sg1 sg2 sg3,,,,,Bezares-Calderon et al. 2018,170458 564048 783257 1272016 1282402 1286364 1293921 1301261 1305770 1306246 1312558 1313881 1314586 1387597 1413524 1416768 1446384 1523274 1576932 1688455 1732307
ECmidline,46,celltype_non_neuronal16,glia cell,sg1 sg2 sg3 pygidium,,,,,this study,565197 1274623 1297905 1302317 1323988 1380710 1383778 1407366 1417531 1417597 1427708 1436875 1440768 1461252 1462664 1474234 1478389 1483005 1490995 1491761 1514654 1518519 1606096 1622752 1631592 1632165 1632997 1652042 1678127 1687223 1730242 1732653 1784092 1798965 1803613 1803923 1803983 1803994 1804029 1805110 1805457 1829048 1970472 1970481 1970489 1970514
MVGland,6,celltype_non_neuronal17,gland cell,sg1,,,,,this study,1295044 1348639 1404375 1404382 1606107 1606117
microvillarCell,14,celltype_non_neuronal18,,sg2 sg3,,,,,this study,1308082 1349017 1357005 1357206 1526036 1743172 1743188 1743197 1837925 1839916 1971820 1971834 1971853 1971877
protonephridium,4,celltype_non_neuronal19,,head,,,,,this study,1405326 1528603 1696761 1972143
nephridium,14,celltype_non_neuronal20,,sg3,,,,,this study,1415642 1415651 1433094 1433102 1614287 1630592 1635042 1635057 1650909 1810674 1810683 1970056 2100451 2100568
nephridiumTip,2,celltype_non_neuronal21,,sg3,,,,,this study,1837925 2100626
chaeta,106,celltype_non_neuronal22,,sg1 sg2 sg3,,,,,this study,1364724 1364742 1364762 1364782 1364818 1364825 1364846 1364858 1377355 1377364 1377371 1377380 1377391 1377398 1377405 1377410 1377420 1377794 1377800 1400420 1400425 1400436 1400441 1400447 1400452 1400458 1400463 1400469 1519682 1620151 1620646 1620651 1620655 1621186 1621314 1621330 1621573 1621880 1621978 1622221 1622228 1622418 1625868 1626208 1626413 1626536 1626691 1626705 1626932 1627911 1627987 1628061 1628320 1630874 1631021 1631037 
1633835 1633864 1633900 1633923 1634037 1635567 1635582 1635589 1635596 1635603 1636390 1636420 1651211 1651403 1651723 1651809 1652978 1653009 1653053 1653088 1653103 1653120 1670405 1693690 1703174 1734210 1734267 1734276 1734288 1734296 1734307 1734322 1734330 1734348 1735044 1735053 1735062 1735070 1735079 1735094 1735161 1783653 1784085 1822223 1977853 1977871 1982053 1983327 1983582 1983689
acicula,12,celltype_non_neuronal23,,sg1 sg2 sg3,,,,,this study,1050298 1050377 1050419 1050989 1059857 1179299 1179702 1179725 1180354 1400474 1701343 1952590
circumacicular,54,celltype_non_neuronal24,,sg1 sg2 sg3,,,,,this study,1363832 1631033 1636753 1646462 1649133 1651359 1708880 1734339 1764323 1784327 1784341 1817201 1825661 1836877 1838139 1840524 1840551 1856791 1915226 1916010 1919227 1934084 1944498 1945618 1947175 1947305 1948530 1948546 1949271 1950726 1950842 1950906 1951275 1951444 1951464 1951760 1951842 1952051 1952077 1952617 1952642 1952651 1952670 1980943 1984590 1989493 1995221 1995250 1995570 1995586 1995624 1995697 1995852 1996731
hemichaetal,182,celltype_non_neuronal25,,sg1 sg2 sg3,,,,,this study,1357352 1382993 1384045 1519689 1626760 1631067 1635144 1635176 1635195 1635214 1636409 1636431 1636442 1636453 1636472 1636803 1636813 1636825 1636835 1649643 1649954 1650954 1651017 1651033 1651066 1651078 1651090 1651111 1651127 1651142 1651245 1651264 1651387 1651461 1651536 1651560 1651649 1651754 1651833 1653030 1665084 1665189 1675366 1693686 1743295 1743317 1809303 1815691 1822236 1822248 1837946 1914924 1915471 1916028 1948700 1948738 
1948773 1950749 1950763 1951064 1952439 1953853 1977338 1977651 1977844 1978119 1978321 1978332 1978476 1980258 1980283 1980296 1980394 1980406 1980419 1980853 1980902 1980926 1981017 1982081 1982182 1982383 1982442 1982474 1982489 1982518 1982889 1982923 1983400 1983416 1983514 1983555 1983595 1983657 1983813 1983920 1983968 1984006 1984226 1984241 1984306 1984765 1984826 1985712 1987205 1987796 1987824 1987837 1987879 1987894 1987951 1987978 
1988010 1988085 1988225 1988393 1988444 1988465 1988935 1989037 1989125 1989193 1989207 1989260 1989279 1989304 1989339 1989394 1989478 1989538 1989552 1989730 1989754 1989959 1989986 1990020 1990271 1990331 1990363 1990575 1990679 1990704 1990757 1990794 1990928 1991456 1991471 1991714 1991797 1991811 1991875 1991919 1991934 1991952 1992141 1992178 1992619 1992668 1992684 1992731 1992795 1992969 1993335 1993410 1993426 1993904 1993972 1994089 
1994228 1994402 1994423 1994546 1994598 1994689 1994764 1994778 2000533 2000575 2002403 2002496 2003835 2282346
ER-circumchaetal,47,celltype_non_neuronal26,,sg1 sg2 sg3,,,,,this study,1408946 1650996 1651101 1651167 1651184 1651284 1651816 1669134 1743328 1815658 1815671 1833749 1843474 1927027 1927049 1933210 1937654 1937667 1940051 1940065 1947796 1948163 1948715 1948859 1952428 1953883 1975270 1977258 1977717 1978135 1980361 1980914 1982576 1984461 1985772 1988029 1988424 1988911 1989108 1989222 1992455 1992512 1992746 1993863 1994017 1994745 1994804
noER-circumchaetal,97,celltype_non_neuronal27,,sg1 sg2 sg3,,,,,this study,1649152 1669089 1671231 1671383 1671417 1786901 1787220 1826526 1852097 1915437 1932218 1932232 1932243 1933223 1933263 1934072 1940100 1942104 1945529 1948871 1970735 1974637 1974663 1975310 1977223 1977468 1977484 1977980 1981062 1981378 1982091 1982103 1982116 1982601 1982776 1983641 1983951 1984018 1984474 1984495 1984507 1985077 1985695 1987298 1988484 1989095 1989176 1989355 1989369 1989382 1989408 1989440 1989584 1989891 1989921 1989932 
1990205 1990384 1990449 1990654 1991086 1991181 1991540 1991615 1991745 1992051 1992224 1992431 1992499 1992544 1992588 1992985 1993308 1993364 1993398 1993550 1993736 1993765 1993819 1993848 1993888 1994005 1994460 1994532 1994581 1994644 1994734 2000614 2002212 2002434 2002440 2003692 2003741 2003761 2003812 2005791 2006399
EC-circumchaetal,106,celltype_non_neuronal28,,sg1 sg2 sg3,,,,,this study,1394755 1625858 1632941 1632969 1633270 1646441 1646547 1649186 1649321 1653319 1668829 1668924 1671363 1671394 1671406 1692299 1763910 1818608 1826567 1833705 1838129 1840535 1843025 1844629 1844890 1852084 1856384 1857051 1857093 1914545 1914564 1916462 1916487 1916522 1919213 1934009 1934020 1934032 1937858 1937873 1938115 1938169 1938905 1938936 1940088 1942316 1942822 1943529 1944619 1944652 1945180 1945218 1945555 1946386 1949256 1951626 
1953838 1966494 1967458 1972393 1972475 1972998 1974648 1974706 1975013 1977187 1977417 1977449 1977603 1977788 1978452 1980345 1981221 1981249 1981275 1981304 1981420 1983059 1983218 1983377 1984369 1984541 1987234 1987274 1987285 1988966 1989075 1989141 1989591 1989619 1989825 1990036 1990191 1990308 1990601 1991678 1991995 1992242 1992417 1992486 1992574 1992636 1992886 1993953 1994709 2000687
HeadGland,5,celltype_non_neuronal29,gland cell,head,,,,,this study,2012112 2012118 2012124 2012130 2012136
InterparaGland,4,celltype_non_neuronal30,gland cell,sg2 sg3,,,,,this study,1363909 1446531 1453675 2012216
spinMicroGland,19,celltype_non_neuronal31,gland cell,sg2 sg3,,,,,this study,1447318 1447363 1614405 1614475 1618121 1626958 1632671 1782783 1782811 1799234 1799336 1938658 1948882 2047800 2047815 2100285 2100297 2100334 2184246
CB-pigment,58,celltype_non_neuronal32,pigment cell,head sg0 sg1 sg2 sg3,,,,,this study,1052097 1273303 1327935 1331741 1331750 1334352 1335104 1345693 1345915 1374103 1397131 1405100 1411766 1418943 1419381 1441826 1457128 1470678 1522976 1564703 1564732 1595638 1614256 1622860 1626606 1633500 1646491 1646634 1668891 1684688 1690176 1714053 1748515 1769545 1769604 1777711 1777738 1787506 1821765 1834904 1835211 1842686 1844596 1844692 1844870 1851309 1917392 1918504 1934754 1971004 1975134 1983465 1998012 2013161 2013177 2013190 
2013218 2013410
vacuolar-cell-head,3,celltype_non_neuronal33,pigment cell,head,,,,,this study,1278649 1411967 1416066
Glia-pigmented,5,celltype_non_neuronal34,pigment cell  glia cell,head,,,,,this study,459705 626102 1259584 1282806 1729206
pygidial-pigment-cell,26,celltype_non_neuronal35,pigment cell,pygidium,,,,,this study,1274024 1347222 1347511 1385536 1437768 1455267 1459796 1619925 1619960 1619979 1620004 1620045 1620112 1620405 1620832 1621227 1622684 1622899 1623049 1623058 1625044 1627142 1630952 1630975 1632110 1997612
meso 1381122,100,celltype_non_neuronal36,,head sg0 sg1 sg2 sg3,,,,MNwave,this study,1381121 1387208 1388085 1435078 1453826 1455247 1487820 1545565 1589022 1589033 1617521 1630918 1632599 1636764 1636783 1649915 1655775 1668869 1670375 1670385 1677691 1718172 1737195 1737202 1739575 1763135 1763145 1795645 1801899 1802940 1802969 1802978 1803113 1803229 1803243 1810561 1810572 1810610 1810660 1810698 1812855 1816093 1819223 1819278 1820783 1820791 1822038 1822090 1822169 1829834 1829885 1830038 1830060 1830123 1830442 1830459 
1830479 1830489 1835256 1835269 1835279 1854320 1914488 1941240 1949681 1955225 1955668 1956847 1959564 1970146 1970311 1983843 2034227 2067089 2099670 2201520 2201533 2201546 2201559 2201628 2258314 2278041 2278186 2278260 2281141 2281181 2281196 2282295 2282312 2283655 2283713 2283740 2287501 2287550 2287574 2288520 2288532 2288706 2288719 2288940
MUSac-notA,12,celltype_non_neuronal37,muscle,sg1 sg2 sg3,,,,MNring MNcrab,Bezares-Calderon et al. 2018,1315028 1420457 1545678 1545686 1559897 1570739 1570773 1576054 1590954 1626051 1646592 1647512
MUSac-notP,12,celltype_non_neuronal38,muscle,sg1 sg2 sg3,,,,MNspiderATO-ant MNcrab MNbow MNwave MNacic,Bezares-Calderon et al. 2018,1416546 1450345 1486591 1486647 1504488 1504505 1547950 1570729 1574394 1585014 1625586 1625884
MUSac-notM,12,celltype_non_neuronal39,muscle,sg1 sg2 sg3,,,,MNwave,Bezares-Calderon et al. 2018,1397815 1416559 1486628 1504562 1507391 1585890 1592784 1601839 1623208 1629613 1632358 1675509
MUSac-neuAV,16,celltype_non_neuronal40,muscle,sg1 sg2 sg3,,,,MNcrab,Bezares-Calderon et al. 2018,1028407 1051929 1136703 1145279 1199282 1230301 1231018 1623277 1630112 1630186 1632171 1647206 1647763 1648349 1648444 1649386
MUSac-neuPD,18,celltype_non_neuronal41,muscle,sg1 sg2 sg3,,,,,this study,1486688 1486712 1504601 1504628 1504638 1545668 1548201 1548268 1548310 1567156 1583036 1585802 1587898 1587938 1592462 1633963 1633987 1634001
MUSac-neuPV,14,celltype_non_neuronal42,muscle,sg1 sg2 sg3,,,,MNspiderATO-ant MNspider-post MNcrab MNacicX,Bezares-Calderon et al. 2018,1027978 1028616 1028750 1032061 1033010 1051076 1051916 1051922 1137108 1137595 1635512 1635545 1649437 1649555
MUSac-neuDy,4,celltype_non_neuronal43,muscle,sg2 sg3,,,,,Bezares-Calderon et al. 2018,1403059 1564364 1576508 1645973
MUSac-neuDx,8,celltype_non_neuronal44,muscle,sg2 sg3,,,,,Bezares-Calderon et al. 2018,1450492 1507382 1559905 1566972 1576621 1623138 1645907 1645931
MUSac-neuDach,18,celltype_non_neuronal45,muscle,sg1 sg2 sg3,,,,MNarm,Bezares-Calderon et al. 2018,1305955 1381884 1398775 1416388 1504587 1567002 1569151 1574549 1574558 1585474 1593030 1623227 1632050 1646318 1649265 1662448 1662465 1675551
MUSac-neure,8,celltype_non_neuronal46,muscle,sg1 sg2 sg3,,,,,this study,1238904 1545294 1548257 1569142 1574536 1648685 1721097 1729609
MUSac-i,6,celltype_non_neuronal47,muscle,sg1 sg2 sg3,,,,,this study,1504548 1504572 1585043 1647635 1648424 1662365
MUSobA-re,39,celltype_non_neuronal48,muscle,sg1 sg2 sg3,,,,MNspiderATO-ant MNhose MNantacic,Bezares-Calderon et al. 2018,1380806 1380855 1381937 1393284 1393960 1403114 1403308 1403316 1420356 1427985 1435436 1435458 1465269 1477335 1544863 1545339 1545362 1545455 1545549 1545578 1545603 1568544 1568562 1568571 1568596 1568623 1568781 1568802 1568812 1570688 1570845 1584400 1628605 1628716 1628748 1629909 1630022 1631773 1646257
MUSobA-arc,18,celltype_non_neuronal49,muscle,sg1 sg2 sg3,,,,MNspiderATO-ant,Bezares-Calderon et al. 2018,1395614 1397746 1397762 1403298 1414358 1414384 1416416 1416450 1419083 1420342 1421687 1436321 1547921 1568821 1605349 1605372 1631685 1631975
MUSobA-mpp,12,celltype_non_neuronal50,muscle,sg1 sg2 sg3,,,,,Bezares-Calderon et al. 2018,804282 1380795 1380835 1381871 1381896 1381926 1382622 1391754 1403105 1416399 1545643 1628861
MUSobA-mlpp,4,celltype_non_neuronal51,muscle,sg3,,,,,this study,1621996 1622033 1623440 1671351
MUSobA-lpp,10,celltype_non_neuronal52,muscle,sg1 sg2 sg3,,,,,Bezares-Calderon et al. 2018,1339753 1399974 1435271 1436707 1547886 1621852 1623389 1629808 1632286 1632319
MUSobA-trans,10,celltype_non_neuronal53,muscle,sg1 sg2 sg3,,,,MNhose,Bezares-Calderon et al. 2018,1382545 1443976 1568536 1622511 1629030 1631808 1652260 1673425 1731962 1736582
MUSobP-notD,28,celltype_non_neuronal54,muscle,sg1 sg2 sg3,,,,MNpostacic,Bezares-Calderon et al. 2018,1486416 1486497 1504346 1504375 1504468 1569029 1569036 1586199 1586304 1586381 1586429 1588012 1588269 1590846 1590872 1590910 1591064 1591278 1591667 1626626 1626686 1626709 1626756 1633288 1646725 1646780 1646847 1648599
MUSobP-neuDlong,9,celltype_non_neuronal55,muscle,sg1 sg2 sg3,,,,MNspider-post,Bezares-Calderon et al. 2018,979707 1382022 1403084 1403353 1416342 1455565 1464822 1486527 1570821
MUSobP-neuDprox,18,celltype_non_neuronal56,muscle,sg1 sg2 sg3,,,,,Bezares-Calderon et al. 2018,1382011 1459514 1460810 1460910 1568990 1569020 1570324 1586923 1587020 1589925 1591239 1627867 1627921 1634022 1654595 1677618 1695759 1695768
MUSobP-neuDdist,19,celltype_non_neuronal57,muscle,sg1 sg2 sg3,,,,,Bezares-Calderon et al. 2018,1403075 1549657 1549684 1570863 1570873 1574360 1575990 1586837 1590815 1595117 1626472 1626558 1628235 1634043 1634069 1654696 1654721 1654738 1695782
MUSobP-neuV,38,celltype_non_neuronal58,muscle,sg1 sg2 sg3,,,,MNspider-post MNring MNhose MNob-ipsi,Bezares-Calderon et al. 2018,1279612 1343040 1378941 1381977 1381985 1392050 1392209 1392567 1392754 1394518 1396714 1396739 1396762 1403093 1403336 1434782 1441731 1454752 1455427 1460107 1461417 1507453 1546428 1559917 1584011 1584845 1587188 1597400 1597410 1621596 1627309 1635534 1661189 1661238 1670599 1670630 1686008 1732185
MUSobP-notV,18,celltype_non_neuronal59,muscle,sg1 sg2 sg3,,,,MNspider-post MNhose MNob-ipsi,Bezares-Calderon et al. 2018,1381077 1381952 1381967 1392036 1392152 1392171 1396918 1416476 1421448 1444039 1444070 1455464 1546413 1560009 1570363 1570885 1591321 1626422
MUSobP-M,4,celltype_non_neuronal60,muscle,sg2 sg3,,,,,this study,1381098 1574322 1574330 1684429
MUSobP-noty,6,celltype_non_neuronal61,muscle,sg1 sg2 sg3,,,,MNhose,Bezares-Calderon et al. 2018,1381112 1392132 1396899 1416465 1455507 1570700
MUSobP-i,6,celltype_non_neuronal62,muscle,sg1 sg2 sg3,,,,,this study,1546397 1564350 1574345 1576014 1592405 1634106
MUSchae-notDob,18,celltype_non_neuronal63,muscle,sg1 sg2 sg3,,,,,Bezares-Calderon et al. 2018,1504478 1568395 1570759 1576025 1576034 1576083 1586533 1586605 1588107 1590972 1591008 1591098 1629188 1630553 1633251 1646429 1646504 1733848
MUSchae-notD,6,celltype_non_neuronal64,muscle,sg1 sg2 sg3,,,,,Bezares-Calderon et al. 2018,1576044 1586690 1589825 1591154 1627068 1633478
MUSchae-notDn,6,celltype_non_neuronal65,muscle,sg1 sg2 sg3,,,,,this study,1576118 1589904 1597391 1669421 1733592 1916554
MUSchae-notA,6,celltype_non_neuronal66,muscle,sg1 sg2 sg3,,,,,Bezares-Calderon et al. 2018,1416569 1576108 1585310 1590497 1626922 1631633
MUSchae-notAac,24,celltype_non_neuronal67,muscle,sg1 sg2 sg3,,,,MNbiramous MNcrab MNwave MNantacic,Bezares-Calderon et al. 2018,888787 909450 1408956 1486748 1486784 1486810 1544994 1545004 1545016 1545266 1569080 1569091 1569102 1576129 1585542 1590476 1590675 1592906 1592945 1626582 1633532 1633569 1633890 1633938
MUSchae-notAre,4,celltype_non_neuronal68,muscle,sg2 sg3,,,,,Bezares-Calderon et al. 2018,1530471 1545285 1569125 1631578
MUSchae-neuVob,16,celltype_non_neuronal69,muscle,sg1 sg2 sg3,,,,MNchae,Bezares-Calderon et al. 2018,1029530 1392730 1441527 1484968 1484986 1576450 1576459 1584331 1584667 1607477 1621757 1632012 1632121 1662404 1662415 1767459
MUSchae-neuDac,28,celltype_non_neuronal70,muscle,sg1 sg2 sg3,,,,MNspiderATO-ant MNbiramous MNchae,Bezares-Calderon et al. 2018,1393309 1393334 1403019 1403034 1403048 1548290 1559953 1567204 1567266 1567283 1570711 1570785 1570814 1570834 1574311 1584762 1585339 1585394 1617669 1632536 1648927 1648958 1649045 1649126 1662503 1667898 1693663 1772641
MUSchae-neuAVo,16,celltype_non_neuronal71,muscle,sg1 sg2 sg3,,,,,Bezares-Calderon et al. 2018,1415385 1485047 1586770 1591797 1591915 1621708 1621822 1622319 1647258 1647303 1661279 1661296 1675528 1685451 1685478 1685512
MUSchae-neuAVt,6,celltype_non_neuronal72,muscle,sg1 sg2 sg3,,,,,this study,557877 1029097 1275010 1584716 1621549 1728870
MUSchae-Are,6,celltype_non_neuronal73,muscle,sg1 sg2 sg3,,,,MNbiramous,Bezares-Calderon et al. 2018,1403325 1545589 1620444 1629968 1662424 1670927
MUStrans,62,celltype_non_neuronal74,muscle,sg0 sg1 sg2 sg3 pygidium,,,,MNring MNhose MNsmile,Bezares-Calderon et al. 2018,1279584 1339741 1392216 1392222 1404341 1405261 1408570 1409196 1434751 1436266 1436736 1443798 1474367 1559104 1568469 1570796 1583047 1583124 1583499 1583644 1583898 1584240 1587509 1587735 1590216 1592648 1592834 1593111 1593671 1593894 1595786 1603906 1603943 1621894 1621926 1623477 1623583 1626083 1626309 1626402 1627358 1627561 1629097 1635491 1635500 1654454 1654460 1654515 1654526 1669116 1669198 1671653 1673505 1677402 1678542 1694438 
1703390 1703455 1703468 1718383 1739965 1763117
MUSlongD,86,celltype_non_neuronal75,muscle,sg0 sg1 sg2 sg3,,,,MNring MNcrab MN2,Bezares-Calderon et al. 2018    Randel et al. 2015,137882 568273 568290 568702 568710 573635 575119 575448 575853 580213 582306 583190 939008 941766 942028 942233 942898 943145 943540 944377 945427 1339663 1339712 1348569 1348581 1356793 1368040 1416162 1416180 1416198 1416207 1416227 1416244 1416278 1416299 1416309 1420472 1420496 1420504 1420510 1420523 1420530 1420539 1423327 1441872 1454290 1454540 1463843 1463859 1463866 1484753 1484840 1484878 1485123 1485154 1485960 1485984 1486039 
1486083 1501795 1501807 1501820 1501849 1501871 1501887 1501899 1502044 1502079 1502254 1502646 1504312 1590351 1626831 1626871 1661173 1681219 1694402 1694422 1703492 1703574 1733546 1789296 1799604 1799639 1799658 1924768
MUSlongV,82,celltype_non_neuronal76,muscle,head sg0 sg1 sg2 sg3 pygidium,,,,MNspiderATO-ant MNring MNcrab MN1 MNsmile,Bezares-Calderon et al. 2018    Randel et al. 2015,502616 518764 519721 519936 520593 520755 556399 557195 557403 587391 587962 592728 593488 593849 594344 600071 604671 1027864 1027911 1027917 1027923 1027959 1028364 1028383 1028389 1028395 1028401 1031618 1057387 1238488 1276376 1276831 1277115 1277150 1314620 1356912 1357861 1357867 1367987 1367992 1368008 1368019 1368025 1368030 1368417 1388929 1391139 1393903 1395664 1395670 1395692 1395717 1395731 1405336 1405464 1409181 1416695 1420398 
1420440 1420612 1544834 1545615 1546352 1546380 1568526 1568903 1568912 1568924 1589082 1593058 1594186 1594720 1597419 1597423 1621126 1649676 1659785 1676522 1728847 1786644 1800092 1934922
MUSax,12,celltype_non_neuronal77,muscle,sg1 sg2 sg3,,,,MNsmile,Bezares-Calderon et al. 2018,1380817 1380843 1380863 1380874 1380884 1381906 1381916 1391745 1404358 1404388 1404400 1404405
MUSring,1,celltype_non_neuronal78,muscle,pygidium,,,,,this study,1474339
MUSph,50,celltype_non_neuronal79,muscle,,,,,,this study,1277257 1649749 1649776 1649854 1649884 1649903 1649945 1650043 1650083 1650257 1650285 1650317 1650416 1650463 1650470 1650563 1650596 1650690 1650778 1651294 1651703 1651790 1651853 1652079 1652254 1652363 1652440 1652480 1652562 1652694 1652864 1653210 1653292 1653369 1653385 1653413 1653450 1653474 1653499 1653524 1653543 1653557 1654136 1654199 1654230 1654270 1654430 1654778 1669765 1817953
MUSll,10,celltype_non_neuronal80,muscle,sg0,,,,,Bezares-Calderon et al. 2018,1204752 1568505 1583738 1583795 1583844 1594382 1594456 1594523 1594570 1595882
MUSant,8,celltype_non_neuronal81,muscle,head,,,,,this study,959690 960268 1339675 1356116 1368881 1453924 1479575 1711652
MUSly,6,celltype_non_neuronal82,muscle,head,,,,,this study,1388881 1620642 1621079 1654326 1654336 1669782
MUSpl,4,celltype_non_neuronal83,muscle,head,,,,,this study,1398380 1593200 1594110 1719443
MUSci,4,celltype_non_neuronal84,muscle,head sg0,,,,,this study,1655183 1655193 1672954 1710101
MUSch,6,celltype_non_neuronal85,muscle,head,,,,,Bezares-Calderon et al. 2018,1405233 1405294 1583963 1593527 1594711 1595935
MUSpx,1,celltype_non_neuronal86,muscle,head,,,,,this study,433286
MUSpr-vt,1,celltype_non_neuronal87,muscle,head,,,,,this study,1358976
MUStri,2,celltype_non_neuronal88,muscle,head,,,,,this study,1621202 1654320
MUSmed,2,celltype_non_neuronal89,muscle,head,,,,,this study,1593242 1595978
EC,1115,celltype_non_neuronal90,pigment cell gland cell,head sg0 sg1 sg2 sg3 pygidium,nuchal organ   antenna,,,Loop MNring,this study,100614 296403 518390 520167 521359 555130 555435 555503 556262 579543 579865 608926 609098 708532 805516 826263 844338 851742 914153 915979 939698 945717 979532 1062482 1077023 1167618 1271785 1274210 1276733 1276781 1278724 1278730 1278748 1285092 1298709 1306699 1308387 1314988 1317548 1317840 1318865 1322371 1322941 1325288 1325312 1325534 1326004 1326997 1330178 1330277 1330299 1330791 1331181 1331339 1334568 1339080 1339215 1340285 
1342498 1343820 1343846 1345883 1345891 1345899 1345907 1346434 1346849 1347179 1348077 1361652 1366261 1373720 1373735 1374092 1374210 1374664 1379664 1379913 1382308 1382702 1383523 1383560 1384150 1384416 1385059 1385530 1385542 1387718 1392742 1393603 1393612 1394395 1394977 1395406 1395422 1398342 1399532 1399726 1406273 1406286 1406310 1406774 1407257 1407568 1407695 1407718 1407776 1407787 1408209 1408270 1408290 1408509 1408542 1408576 
1408621 1409090 1409107 1409122 1409133 1409149 1409275 1409695 1409843 1409923 1409943 1409996 1410041 1410714 1410907 1410921 1411678 1411727 1411755 1411919 1411937 1411987 1412002 1412014 1413079 1413094 1414834 1416132 1416167 1416192 1419051 1419463 1419521 1419586 1421700 1423886 1423994 1427440 1428273 1428284 1428382 1431022 1431037 1433052 1438384 1438972 1439007 1440433 1441779 1443826 1443883 1443910 1443963 1444493 1446695 1447411 
1448388 1448906 1453466 1453718 1455006 1456159 1457288 1459882 1461015 1462598 1463046 1463798 1464491 1471901 1472907 1473394 1488331 1497876 1502460 1502686 1506763 1515109 1522904 1523001 1523295 1524397 1525851 1525866 1525906 1528649 1530414 1530521 1547023 1549338 1551660 1557168 1559695 1563606 1564887 1566006 1566712 1567142 1569377 1585120 1587010 1588356 1590940 1591908 1591985 1592006 1593437 1594980 1595081 1611736 1613170 1613252 
1613303 1613320 1614229 1614245 1614357 1614385 1617457 1617466 1617475 1617495 1617535 1617616 1617626 1617635 1617646 1617849 1618144 1618496 1618506 1618515 1618532 1618543 1618554 1618565 1618585 1618609 1618654 1618683 1618696 1618704 1618794 1618811 1618848 1618931 1618958 1619901 1620082 1620139 1620416 1620455 1620475 1620491 1620496 1620527 1620551 1620572 1620602 1620624 1620750 1620886 1621029 1621096 1621122 1621176 1621265 1621972 
1622012 1622049 1622075 1622103 1622116 1622197 1622211 1622232 1622250 1622259 1622274 1622288 1622310 1622323 1622335 1622344 1622359 1622375 1622390 1622403 1622413 1622471 1622704 1622782 1622792 1622803 1622812 1622840 1622869 1622999 1623086 1623150 1623273 1623310 1623421 1623504 1623519 1623553 1623578 1623629 1623847 1623923 1624011 1624152 1624184 1624599 1624957 1624994 1625020 1625257 1625384 1625414 1625448 1625532 1625545 1625591 
1625923 1625998 1626075 1626129 1626193 1626296 1626318 1626350 1626409 1626434 1626448 1626478 1626498 1626511 1626524 1626554 1626602 1626621 1626642 1626672 1626701 1626721 1626739 1626751 1626773 1626788 1626893 1626903 1626947 1627104 1627290 1627494 1627571 1627779 1628089 1628116 1628151 1628654 1628777 1628857 1630216 1630297 1630350 1630368 1630425 1630704 1630751 1630844 1630857 1630892 1630897 1630931 1630993 1631006 1631047 1631071 
1631082 1631093 1631103 1631134 1631992 1632008 1632038 1632076 1632088 1632126 1632148 1632203 1632299 1632379 1632461 1632525 1632546 1632556 1632624 1632655 1632771 1632822 1632917 1632928 1632956 1632983 1633010 1633029 1633051 1633074 1633152 1633163 1633300 1633323 1633486 1635096 1638906 1638931 1646008 1646067 1646088 1646528 1646578 1646655 1646776 1646818 1646869 1647016 1647048 1647071 1647148 1647156 1648970 1649230 1649254 1649336 
1649349 1650172 1650226 1650251 1650299 1650345 1651668 1654367 1655856 1657218 1657254 1657858 1657914 1660566 1660576 1660595 1662183 1663395 1663484 1663923 1668880 1668901 1669052 1669077 1669121 1669206 1669233 1669245 1669259 1671428 1671439 1671477 1671488 1671498 1671510 1671576 1671664 1671691 1671883 1676089 1676114 1676620 1678053 1678572 1678586 1678594 1678604 1681120 1681253 1681622 1682412 1683137 1685248 1685414 1686030 1686144 
1686843 1687573 1690770 1706939 1708890 1712563 1712573 1712594 1713888 1713924 1713940 1714041 1714064 1714078 1714092 1714108 1715298 1716810 1716853 1719087 1719095 1719216 1719317 1719423 1719433 1721644 1721856 1723571 1723583 1723756 1727000 1731647 1732571 1732615 1741040 1742177 1742908 1742992 1743161 1743228 1743238 1743258 1743305 1743361 1743435 1743446 1743462 1743472 1743483 1743506 1743541 1743553 1743574 1743624 1743646 1743668 
1743698 1743730 1743769 1743780 1743882 1743891 1743930 1744323 1744350 1744390 1744477 1744487 1744683 1744694 1744741 1744772 1744784 1745911 1745949 1745972 1746679 1756206 1762815 1762999 1763010 1769509 1769520 1769568 1770683 1770695 1771340 1771374 1771451 1771468 1771545 1771556 1772606 1774232 1777172 1777672 1777727 1777975 1777986 1778852 1778955 1778971 1779232 1779268 1779435 1779447 1779930 1782240 1782262 1782275 1782523 1782822 
1782846 1783706 1783723 1783830 1783840 1783866 1784006 1785262 1785273 1785308 1785319 1785546 1791315 1791337 1792497 1792754 1793579 1793820 1795428 1795850 1799013 1799050 1799062 1799297 1803671 1804150 1807207 1808640 1808808 1809511 1809524 1813061 1816775 1816934 1819905 1819927 1820053 1820335 1821534 1823315 1823451 1828786 1828867 1829785 1833073 1833773 1833784 1833929 1834069 1834913 1835023 1835036 1835053 1835110 1835290 1835311 
1835324 1835338 1835528 1836036 1837104 1837177 1837957 1838056 1838116 1838148 1838159 1838171 1838481 1838517 1838529 1838544 1840489 1840773 1841508 1841524 1841629 1841646 1841678 1841913 1842011 1842049 1842108 1843038 1843510 1844033 1844094 1844176 1844297 1844371 1844467 1844480 1844513 1844524 1844557 1844570 1844635 1844655 1844723 1844758 1844915 1847330 1847342 1847446 1848152 1848211 1849438 1850382 1850945 1851169 1852112 1852121 
1852382 1852506 1852518 1852654 1852781 1852871 1852885 1852911 1852924 1852948 1852964 1853212 1853271 1853289 1853326 1854005 1854031 1854162 1854209 1855431 1856065 1856260 1856944 1857070 1857292 1857309 1857356 1857438 1857450 1857727 1860345 1860378 1860450 1860557 1914429 1914516 1914834 1915065 1915109 1915295 1915418 1916580 1917024 1917570 1917588 1917681 1917900 1918047 1918124 1918135 1918156 1918193 1918220 1918334 1918439 1918468 
1918487 1918754 1918953 1918978 1919001 1919169 1919294 1920008 1920138 1920235 1920301 1920338 1920368 1920390 1920498 1920508 1920810 1920877 1921758 1921792 1924260 1924275 1924384 1924411 1924460 1924565 1924577 1924728 1924783 1924796 1924808 1924830 1924918 1924929 1924940 1927142 1927968 1928145 1928239 1928264 1928431 1931494 1931676 1932111 1932123 1932204 1933235 1933446 1933458 1933585 1934094 1934107 1934130 1934140 1934327 1934475 
1934781 1934793 1937630 1937742 1937760 1937777 1937920 1937990 1938651 1939182 1940018 1940141 1940174 1940511 1941112 1941130 1941139 1941525 1941551 1941622 1941636 1941947 1943021 1943251 1943358 1943457 1943469 1944286 1944514 1945156 1945437 1945470 1945780 1945932 1946208 1946217 1946260 1946349 1946360 1946914 1947377 1947448 1947619 1948836 1948917 1950041 1950103 1950884 1953831 1959477 1964485 1964768 1965161 1965248 1965782 1965805 
1965933 1966253 1966308 1966361 1966400 1966419 1966446 1966586 1966833 1967129 1968487 1969040 1969835 1969844 1969853 1969906 1969916 1969925 1969977 1969986 1969998 1970012 1970021 1970030 1970039 1970048 1970521 1970674 1970909 1970923 1970935 1970987 1972070 1973245 1973736 1973759 1974189 1974746 1975177 1975824 1977434 1978512 1979072 1979103 1979704 1979709 1981444 1981861 1984043 1985873 1986737 1986749 1986770 1986946 1987328 1988596 
1989451 1989780 1991038 1991058 1991159 1991346 1994569 1997421 1997938 1997982 1999943 2001807 2001966 2005042 2005705 2005759 2005772 2009867 2010375 2010379 2010695 2011079 2011168 2011436 2011511 2011524 2011536 2011565 2012274 2012281 2012304 2013149 2016966 2016974 2017023 2017553 2028064 2028119 2028129 2029536 2033469 2034243 2034257 2034268 2034280 2034291 2034378 2045721 2045737 2045799 2047897 2099524 2100269 2100601 2112212 2145995 
2149318 2159818 2159892 2166738 2184018 2184048 2184080 2184093 2184105 2184119 2184133 2184151 2184165 2184181 2184320 2184356 2184412 2184429 2184623 2184637 2184668 2184695 2185059 2185072 2185094 2186047 2186199 2186205 2186212 2186219 2186261 2187506 2187519 2188044 2188057 2188072 2188078 2201446 2201592 2234013 2234888 2236109 2236618 2236847 2236871 2236915 2242169 2242319 2242333 2242348 2242373 2242572 2242612 2242671 2242707 2242727 
2242769 2253981 2254658 2254843 2254881 2255296 2255311 2255325 2255354 2255378 2255437 2255873 2256326 2258288 2258435 2258480 2258636 2258665 2277854 2277947 2277983 2277998 2278015 2278119 2278158 2281162 2281369 2281408 2282574 2283726 2287409 2287428 2287514 2288412 2288443 2288455 2288501 2288606 2288623 2288694 2288732 2288802 2288953 2288994 2289013 2289025 2289042 2289057 2313492
yolk 1917423,5,celltype_non_neuronal91,,sg1 sg2,,,,,this study,1917422 1917429 2282275 2282286 2282324
meso 1592020,25,celltype_non_neuronal92,,pygidium,,,,,this study,1592019 1633365 1633380 1633390 1633404 1633456 1633470 1671447 1763652 1814526 1814537 1830085 1955380 1955396 1955530 1955539 1955549 1956889 1956899 1956909 1956926 1956934 1956944 1956955 1956967
